101,noah_u83,745620,35,PRIVATE
102,tina_b30,720924,64,PUBLIC
103,bob_m53,138390,8,PRIVATE
104,eve_x95,73793,43,PUBLIC
105,sam_f15,31122,73,PRIVATE
106,karen_i29,836737,49,PRIVATE
107,olivia_k81,807076,19,PRIVATE
108,zack_w57,251020,57,PUBLIC
109,rachel_z45,162170,21,PUBLIC
110,yara_s49,868400,75,PRIVATE
111,diana_s27,689875,99,PRIVATE
112,rachel_d56,211027,64,PUBLIC
113,zack_c96,396722,92,PRIVATE
114,zack_y80,932023,50,PRIVATE
115,quinn_f33,269397,5,PUBLIC
116,leo_p63,492339,94,PUBLIC
117,tina_f94,565407,2,PRIVATE
118,quinn_z35,239614,33,PRIVATE
119,diana_u98,21319,30,PRIVATE
120,xander_y12,189830,96,PUBLIC
121,peter_y30,60832,87,PRIVATE
122,peter_n87,426499,92,PRIVATE
123,zack_s27,753340,61,PUBLIC
124,xander_q23,436877,49,PRIVATE
125,tina_s77,852702,42,PRIVATE
126,sam_q39,139823,26,PRIVATE
127,quinn_v55,114188,13,PRIVATE
128,mia_x16,74783,68,PUBLIC
129,jack_v7,707849,22,PRIVATE
130,noah_q2,379334,83,PUBLIC
131,rachel_r56,706087,46,PUBLIC
132,hank_y95,958039,93,PUBLIC
133,rachel_y33,880869,48,PUBLIC
134,wendy_f43,660859,62,PRIVATE
135,bob_q63,91715,82,PUBLIC
136,uma_z95,859652,60,PUBLIC
137,yara_z1,198363,79,PUBLIC
138,zack_p53,899153,33,PRIVATE
139,peter_a88,492216,87,PRIVATE
140,xander_o9,514687,72,PUBLIC
141,yara_i17,741224,26,PUBLIC
142,leo_e14,357269,34,PRIVATE
143,quinn_w83,170509,87,PRIVATE
144,olivia_e54,117184,47,PUBLIC
145,karen_i38,177985,20,PUBLIC
146,leo_s97,933997,41,PRIVATE
147,mia_b99,656635,48,PRIVATE
148,hank_d40,337185,67,PUBLIC
149,quinn_v65,666015,85,PRIVATE
150,frank_b86,616747,99,PRIVATE
151,xander_s15,914542,68,PUBLIC
152,olivia_z94,110349,8,PUBLIC
153,noah_m88,812049,36,PUBLIC
154,leo_z79,616044,83,PRIVATE
155,charlie_y19,893932,80,PRIVATE
156,charlie_c9,723290,66,PUBLIC
157,xander_y59,26322,52,PUBLIC
158,jack_y77,135068,97,PRIVATE
159,hank_k93,609603,27,PUBLIC
160,quinn_i45,74967,50,PRIVATE
161,frank_e36,749934,19,PUBLIC
162,tina_x27,317097,73,PUBLIC
163,quinn_f94,395739,99,PRIVATE
164,rachel_v47,556664,38,PUBLIC
165,noah_x53,430650,40,PRIVATE
166,hank_u31,947941,60,PRIVATE
167,quinn_v64,668148,89,PRIVATE
168,uma_b55,911960,26,PUBLIC
169,bob_q32,922155,52,PUBLIC
170,uma_d36,846822,67,PRIVATE
171,quinn_b53,532362,81,PRIVATE
172,mia_j99,405830,10,PRIVATE
173,diana_g44,109342,37,PRIVATE
174,leo_l4,529717,67,PRIVATE
175,uma_f37,60387,24,PUBLIC
176,ivy_v1,165758,13,PRIVATE
177,mia_q23,29367,37,PRIVATE
178,noah_i86,435079,26,PRIVATE
179,olivia_x49,977970,46,PUBLIC
180,quinn_h6,586912,38,PRIVATE
181,olivia_y23,398417,99,PUBLIC
182,charlie_c73,299970,46,PUBLIC
183,charlie_x12,691887,46,PUBLIC
184,noah_v59,304947,77,PRIVATE
185,quinn_h7,664728,68,PRIVATE
186,zack_s2,602623,36,PRIVATE
187,noah_q26,685234,83,PUBLIC
188,eve_f6,335573,78,PUBLIC
189,frank_y74,657764,1,PRIVATE
190,uma_c47,52318,70,PRIVATE
191,karen_x51,873899,20,PUBLIC
192,bob_c77,37524,48,PRIVATE
193,peter_j76,888657,31,PRIVATE
194,jack_k56,938057,31,PUBLIC
195,leo_d3,67513,44,PUBLIC
196,eve_v57,308049,78,PUBLIC
197,frank_e58,152538,14,PUBLIC
198,rachel_h31,292522,1,PRIVATE
199,tina_q45,913819,36,PRIVATE
200,noah_l62,317110,78,PUBLIC
201,jack_a81,367139,31,PRIVATE
202,ivy_p39,152819,45,PRIVATE
203,sam_r54,358220,27,PUBLIC
204,grace_b49,78525,34,PUBLIC
205,grace_c72,232552,55,PUBLIC
206,victor_r64,702360,55,PUBLIC
207,karen_j35,567069,100,PRIVATE
208,diana_u93,437724,71,PUBLIC
209,frank_p76,433235,32,PRIVATE
210,jack_q38,252991,52,PUBLIC
211,hank_z79,836250,28,PRIVATE
212,leo_m55,760497,37,PUBLIC
213,olivia_h93,2641,87,PRIVATE
214,hank_a66,568164,87,PRIVATE
215,diana_b79,820784,61,PRIVATE
216,eve_k29,464849,2,PRIVATE
217,jack_s40,381772,88,PRIVATE
218,noah_j69,750287,55,PUBLIC
219,tina_v77,936932,65,PUBLIC
220,peter_t77,19896,82,PUBLIC
221,olivia_b54,29278,53,PUBLIC
222,sam_b57,648250,51,PUBLIC
223,wendy_m74,592393,68,PRIVATE
224,mia_j43,917632,43,PRIVATE
225,eve_m1,563118,89,PUBLIC
226,tina_z99,486728,43,PUBLIC
227,hank_w79,545611,79,PRIVATE
228,peter_d50,264374,77,PRIVATE
229,leo_v60,854572,69,PUBLIC
230,sam_g66,4611,77,PUBLIC
231,rachel_a79,8721,16,PRIVATE
232,eve_a44,856564,76,PUBLIC
233,karen_q19,839935,83,PRIVATE
234,victor_b61,668749,16,PUBLIC
235,noah_u83,977728,60,PRIVATE
236,grace_h78,746556,48,PUBLIC
237,mia_p32,627949,61,PRIVATE
238,karen_t87,346285,67,PRIVATE
239,charlie_r86,44247,72,PRIVATE
240,jack_f9,754044,5,PUBLIC
241,jack_n57,964807,33,PUBLIC
242,quinn_c47,253567,9,PRIVATE
243,diana_n62,345323,91,PRIVATE
244,grace_y60,733282,9,PUBLIC
245,mia_f1,301632,82,PRIVATE
246,ivy_q74,471180,23,PRIVATE
247,alice_g53,963911,62,PUBLIC
248,karen_v68,592517,69,PUBLIC
249,rachel_a16,797460,83,PRIVATE
250,olivia_g37,737694,31,PRIVATE
251,diana_k76,50819,63,PRIVATE
252,charlie_d78,449331,45,PRIVATE
253,zack_x94,490140,35,PRIVATE
254,alice_y48,565046,1,PRIVATE
255,leo_j50,242107,23,PUBLIC
256,alice_b23,3466,62,PRIVATE
257,yara_j42,744278,94,PUBLIC
258,sam_q28,894253,91,PUBLIC
259,yara_i41,324321,39,PUBLIC
260,xander_p87,221143,17,PRIVATE
261,olivia_t54,562462,17,PRIVATE
262,jack_d35,130632,32,PUBLIC
263,wendy_l22,4142,94,PRIVATE
264,wendy_x53,595069,99,PRIVATE
265,leo_g57,229359,16,PUBLIC
266,yara_h67,665842,22,PRIVATE
267,mia_z48,645020,81,PUBLIC
268,rachel_l4,929821,71,PUBLIC
269,uma_s85,485952,89,PRIVATE
270,wendy_v92,720258,25,PUBLIC
271,frank_o60,2120,76,PRIVATE
272,leo_q69,976028,31,PRIVATE
273,peter_y26,661756,3,PUBLIC
274,zack_r13,231970,2,PUBLIC
275,sam_d33,702973,1,PRIVATE
276,karen_d86,977668,51,PRIVATE
277,hank_m39,328433,20,PRIVATE
278,hank_l83,785438,68,PRIVATE
279,zack_a65,795293,16,PUBLIC
280,sam_a3,351928,21,PRIVATE
281,diana_y81,272569,36,PUBLIC
282,wendy_x5,183198,36,PUBLIC
283,olivia_o38,502287,97,PUBLIC
284,peter_e99,519553,88,PUBLIC
285,charlie_q67,103796,67,PRIVATE
286,quinn_s68,75154,92,PUBLIC
287,yara_w11,289083,2,PUBLIC
288,olivia_u85,579527,67,PUBLIC
289,eve_p51,834130,29,PRIVATE
290,frank_z89,477703,1,PRIVATE
291,noah_d25,449738,17,PUBLIC
292,hank_g45,553225,99,PUBLIC
293,victor_f42,242877,20,PUBLIC
294,tina_b95,475880,68,PUBLIC
295,tina_u45,739094,56,PRIVATE
296,quinn_m15,553127,44,PUBLIC
297,grace_b60,840442,88,PUBLIC
298,leo_n34,331977,52,PUBLIC
299,noah_i82,676434,47,PUBLIC
300,rachel_g68,50781,60,PRIVATE
301,tina_u13,644883,34,PUBLIC
302,bob_u4,776210,65,PUBLIC
303,yara_b79,333358,72,PRIVATE
304,tina_q60,460787,33,PUBLIC
305,victor_z25,153041,82,PUBLIC
306,victor_k26,994369,65,PUBLIC
307,hank_r17,436432,54,PUBLIC
308,ivy_g79,721369,69,PUBLIC
309,bob_c25,563850,25,PRIVATE
310,eve_d87,708463,49,PUBLIC
311,zack_p65,704894,98,PUBLIC
312,diana_t30,484534,41,PUBLIC
313,leo_m53,233122,84,PRIVATE
314,bob_w3,608515,86,PRIVATE
315,hank_u46,847021,90,PUBLIC
316,uma_o42,11658,7,PRIVATE
317,rachel_w30,427457,15,PUBLIC
318,mia_h72,326646,14,PUBLIC
319,leo_a27,828298,17,PUBLIC
320,zack_d60,141105,68,PUBLIC
321,diana_b3,435373,44,PUBLIC
322,tina_g58,231471,15,PUBLIC
323,peter_j67,659634,31,PRIVATE
324,uma_m16,857683,47,PRIVATE
325,tina_h40,665487,66,PRIVATE
326,sam_d17,853364,51,PRIVATE
327,yara_x62,654636,62,PUBLIC
328,hank_j99,215546,17,PRIVATE
329,xander_w53,496566,56,PRIVATE
330,tina_s2,258354,79,PRIVATE
331,zack_h73,92664,93,PUBLIC
332,victor_n83,627820,62,PUBLIC
333,tina_q84,735693,93,PUBLIC
334,sam_b59,75208,95,PRIVATE
335,mia_c7,859868,88,PUBLIC
336,jack_s88,514024,75,PRIVATE
337,uma_x3,286072,35,PUBLIC
338,bob_o5,771939,39,PUBLIC
339,charlie_f2,413228,10,PUBLIC
340,wendy_n45,559186,88,PUBLIC
341,olivia_b79,273702,21,PRIVATE
342,zack_w41,146866,56,PUBLIC
343,jack_u5,771555,75,PRIVATE
344,grace_d59,31214,72,PUBLIC
345,alice_r79,926714,84,PUBLIC
346,tina_u66,50835,95,PRIVATE
347,alice_s84,35459,88,PRIVATE
348,tina_f59,640426,38,PRIVATE
349,xander_g5,818054,72,PUBLIC
350,diana_h69,255784,60,PRIVATE
351,bob_j88,825823,80,PUBLIC
352,uma_h71,273208,6,PUBLIC
353,wendy_p86,229694,63,PRIVATE
354,eve_y19,799237,7,PRIVATE
355,rachel_w76,898797,68,PRIVATE
356,bob_j26,643067,61,PRIVATE
357,ivy_p32,561080,55,PRIVATE
358,leo_w82,634375,82,PUBLIC
359,rachel_e69,882404,90,PRIVATE
360,yara_c61,164819,39,PUBLIC
361,karen_i5,284718,88,PUBLIC
362,hank_k39,290459,76,PUBLIC
363,wendy_n49,848122,92,PUBLIC
364,bob_i80,50710,10,PUBLIC
365,peter_j75,776864,73,PRIVATE
366,alice_m99,611192,58,PUBLIC
367,zack_t24,384993,61,PUBLIC
368,yara_b97,291411,34,PRIVATE
369,victor_v1,770197,91,PRIVATE
370,quinn_s55,477105,71,PUBLIC
371,wendy_p46,654614,31,PUBLIC
372,eve_g3,769643,87,PUBLIC
373,noah_g20,420519,82,PUBLIC
374,victor_h49,57043,40,PUBLIC
375,hank_p22,729083,63,PRIVATE
376,hank_k88,309932,83,PRIVATE
377,leo_i63,853194,51,PRIVATE
378,yara_q79,135503,48,PUBLIC
379,bob_n65,600018,35,PRIVATE
380,jack_z66,972765,60,PRIVATE
381,sam_u58,837295,34,PUBLIC
382,karen_z26,724942,20,PRIVATE
383,sam_r72,423347,80,PUBLIC
384,mia_e36,426188,85,PRIVATE
385,uma_b8,418464,63,PRIVATE
386,grace_f8,445526,53,PRIVATE
387,tina_a1,241621,15,PRIVATE
388,quinn_t8,22684,69,PRIVATE
389,hank_e65,255706,46,PUBLIC
390,uma_r8,903876,16,PUBLIC
391,noah_j91,563364,63,PUBLIC
392,leo_t95,181691,52,PRIVATE
393,victor_l37,71751,27,PUBLIC
394,yara_c57,252759,46,PUBLIC
395,uma_s7,689082,22,PRIVATE
396,jack_k49,778950,53,PUBLIC
397,noah_h21,429549,33,PUBLIC
398,bob_a20,670171,9,PRIVATE
399,zack_e88,7404,79,PRIVATE
400,tina_q41,866969,14,PRIVATE
401,uma_l58,100809,29,PUBLIC
402,hank_h62,85327,46,PUBLIC
403,grace_m4,121271,33,PUBLIC
404,charlie_l83,372117,35,PUBLIC
405,alice_d53,797394,70,PRIVATE
406,bob_x10,811152,11,PRIVATE
407,ivy_b60,648143,33,PUBLIC
408,charlie_w70,574383,40,PUBLIC
409,charlie_p6,326146,18,PUBLIC
410,mia_n75,761742,98,PUBLIC
411,grace_m2,457567,72,PUBLIC
412,charlie_h42,95636,93,PRIVATE
413,uma_m11,159602,6,PRIVATE
414,wendy_s52,287355,13,PUBLIC
415,karen_u74,687096,35,PRIVATE
416,uma_y99,749535,45,PRIVATE
417,grace_g7,554140,4,PRIVATE
418,alice_f13,940084,26,PUBLIC
419,wendy_f2,104033,25,PRIVATE
420,leo_j63,944079,44,PUBLIC
421,bob_w53,780461,55,PUBLIC
422,sam_f28,57953,96,PRIVATE
423,xander_r62,157545,96,PUBLIC
424,bob_i73,553055,87,PUBLIC
425,alice_q3,656939,89,PUBLIC
426,leo_l43,300228,71,PUBLIC
427,sam_i48,69409,18,PRIVATE
428,wendy_u7,31596,98,PUBLIC
429,tina_f50,153180,15,PRIVATE
430,ivy_b50,559275,50,PUBLIC
431,hank_h45,911952,68,PUBLIC
432,karen_g42,291964,39,PUBLIC
433,quinn_l93,758453,75,PUBLIC
434,frank_r58,550702,93,PUBLIC
435,karen_q78,340202,42,PUBLIC
436,eve_x31,387438,70,PRIVATE
437,noah_t19,704851,72,PRIVATE
438,karen_j42,273472,9,PRIVATE
439,tina_x57,46272,39,PRIVATE
440,leo_u12,149137,25,PUBLIC
441,peter_p41,14206,7,PRIVATE
442,alice_z42,508825,39,PUBLIC
443,diana_i13,918160,74,PRIVATE
444,hank_c65,476317,14,PUBLIC
445,yara_g51,193302,10,PRIVATE
446,noah_f81,515763,83,PUBLIC
447,bob_e31,431534,99,PUBLIC
448,eve_i54,725840,73,PRIVATE
449,yara_h52,350655,32,PRIVATE
450,zack_k94,932164,78,PUBLIC
451,rachel_t59,568759,55,PUBLIC
452,alice_u16,270677,83,PRIVATE
453,hank_x39,22028,15,PUBLIC
454,zack_e49,922331,86,PRIVATE
455,yara_j86,407510,66,PRIVATE
456,charlie_j47,505416,18,PRIVATE
457,karen_o15,658151,63,PUBLIC
458,frank_y78,607466,55,PRIVATE
459,tina_m82,420545,47,PUBLIC
460,eve_g60,709872,94,PUBLIC
461,uma_o50,323629,55,PRIVATE
462,yara_z93,817942,56,PRIVATE
463,uma_p78,914845,58,PUBLIC
464,uma_l65,619308,42,PUBLIC
465,xander_m7,555085,38,PUBLIC
466,tina_s21,128340,78,PRIVATE
467,bob_r29,631210,42,PUBLIC
468,hank_y5,3422,31,PUBLIC
469,rachel_b78,90792,22,PUBLIC
470,bob_d24,730398,11,PRIVATE
471,grace_d76,344518,68,PRIVATE
472,ivy_n43,34454,68,PRIVATE
473,tina_z80,400988,67,PRIVATE
474,rachel_r29,452793,20,PUBLIC
475,victor_a22,887894,92,PUBLIC
476,peter_j81,438596,11,PUBLIC
477,mia_i47,614105,98,PUBLIC
478,frank_l49,304496,31,PUBLIC
479,sam_c49,971654,54,PRIVATE
480,charlie_a5,460127,7,PRIVATE
481,leo_k81,272169,69,PUBLIC
482,grace_k90,507124,24,PRIVATE
483,quinn_g46,202461,81,PRIVATE
484,rachel_s73,164881,33,PRIVATE
485,karen_c76,680184,85,PRIVATE
486,rachel_m99,500377,94,PRIVATE
487,karen_e29,86398,49,PRIVATE
488,zack_z63,662562,28,PUBLIC
489,jack_g35,739380,44,PRIVATE
490,rachel_c79,311219,81,PRIVATE
491,alice_l33,282101,43,PUBLIC
492,yara_u33,546449,7,PRIVATE
493,diana_d86,298113,87,PUBLIC
494,frank_z90,470463,100,PUBLIC
495,tina_e99,716451,27,PRIVATE
496,tina_h61,798597,59,PUBLIC
497,uma_u67,289197,20,PUBLIC
498,charlie_s39,998425,40,PRIVATE
499,peter_b79,174887,77,PRIVATE
500,leo_k11,956297,3,PRIVATE
501,wendy_s68,735475,28,PUBLIC
502,charlie_q64,114857,46,PRIVATE
503,grace_z55,919547,41,PRIVATE
504,noah_b66,536335,82,PRIVATE
505,diana_k6,231245,2,PUBLIC
506,zack_u5,161161,38,PRIVATE
507,grace_p76,338291,15,PRIVATE
508,eve_o46,62571,68,PUBLIC
509,karen_h55,986197,47,PRIVATE
510,grace_n11,825064,82,PRIVATE
511,olivia_y86,426266,64,PRIVATE
512,xander_w20,919751,95,PRIVATE
513,victor_i64,507970,59,PUBLIC
514,xander_f43,802279,90,PRIVATE
515,noah_s53,264648,25,PRIVATE
516,bob_s59,900518,30,PRIVATE
517,victor_x81,442206,16,PUBLIC
518,wendy_h1,330941,62,PRIVATE
519,hank_d10,431691,58,PRIVATE
520,frank_g17,941779,1,PUBLIC
521,alice_z67,869808,11,PRIVATE
522,peter_h60,479680,85,PRIVATE
523,bob_o48,662540,64,PUBLIC
524,victor_e2,604789,57,PUBLIC
525,eve_b34,74159,69,PRIVATE
526,hank_p51,968296,97,PUBLIC
527,noah_m77,779788,81,PRIVATE
528,grace_b37,730923,58,PUBLIC
529,bob_o18,980020,88,PUBLIC
530,xander_v61,860143,42,PUBLIC
531,sam_s46,165675,43,PRIVATE
532,hank_j84,775087,22,PRIVATE
533,xander_u1,502635,84,PRIVATE
534,wendy_q8,191552,7,PRIVATE
535,xander_p25,621102,69,PUBLIC
536,rachel_a87,327526,2,PUBLIC
537,charlie_b76,473884,82,PRIVATE
538,frank_u11,818003,90,PRIVATE
539,bob_t11,915537,57,PRIVATE
540,jack_y61,355796,36,PUBLIC
541,ivy_e63,833941,80,PUBLIC
542,victor_b95,587803,60,PUBLIC
543,grace_j8,411530,14,PUBLIC
544,ivy_m41,519467,8,PUBLIC
545,ivy_g79,571644,54,PRIVATE
546,sam_z6,544359,37,PUBLIC
547,peter_u96,523009,50,PRIVATE
548,ivy_f1,418827,74,PRIVATE
549,grace_o24,312074,11,PUBLIC
550,zack_v38,394234,46,PRIVATE
551,rachel_e39,515592,7,PRIVATE
552,leo_d72,513091,36,PRIVATE
553,quinn_f90,49279,6,PUBLIC
554,tina_c73,953721,46,PRIVATE
555,jack_r56,190131,92,PUBLIC
556,alice_o74,20023,95,PUBLIC
557,jack_r83,127259,69,PUBLIC
558,sam_e52,894100,99,PUBLIC
559,bob_j49,846346,94,PUBLIC
560,karen_b54,231727,31,PRIVATE
561,alice_m81,600331,53,PUBLIC
562,noah_x87,550775,90,PRIVATE
563,tina_x53,158904,49,PRIVATE
564,rachel_z50,313188,95,PUBLIC
565,frank_s60,957293,65,PRIVATE
566,rachel_z37,939928,19,PUBLIC
567,yara_l51,187727,15,PUBLIC
568,charlie_a85,472909,95,PRIVATE
569,zack_m47,596248,92,PRIVATE
570,leo_e59,690205,15,PRIVATE
571,karen_h59,274362,98,PUBLIC
572,peter_d34,499144,77,PUBLIC
573,noah_p98,408145,45,PRIVATE
574,quinn_n51,649677,62,PRIVATE
575,charlie_r94,287201,8,PRIVATE
576,olivia_x87,743613,24,PUBLIC
577,hank_u58,681481,16,PUBLIC
578,rachel_h8,529603,95,PUBLIC
579,mia_o71,617059,32,PRIVATE
580,yara_x84,69702,62,PRIVATE
581,victor_r42,599793,91,PUBLIC
582,charlie_e26,662492,72,PRIVATE
583,tina_r88,823148,7,PUBLIC
584,eve_c80,146768,38,PRIVATE
585,jack_j87,447999,53,PUBLIC
586,xander_d18,416631,16,PUBLIC
587,hank_i71,472031,30,PRIVATE
588,frank_x95,709504,81,PRIVATE
589,sam_v29,17437,29,PRIVATE
590,leo_f63,375212,83,PRIVATE
591,karen_j81,395570,89,PUBLIC
592,charlie_b90,137312,85,PUBLIC
593,alice_a91,383766,95,PRIVATE
594,wendy_n8,180060,72,PRIVATE
595,bob_h73,402168,58,PRIVATE
596,mia_i52,987488,94,PRIVATE
597,hank_j3,306536,57,PUBLIC
598,rachel_w92,32263,72,PRIVATE
599,noah_x99,106188,17,PRIVATE
600,tina_o71,876533,61,PRIVATE
601,tina_r92,208713,40,PRIVATE
602,ivy_t99,388551,99,PUBLIC
603,xander_t83,891283,14,PRIVATE
604,mia_r65,930609,95,PRIVATE
605,victor_j69,577987,71,PRIVATE
606,karen_w78,874799,59,PRIVATE
607,quinn_n87,368444,88,PUBLIC
608,charlie_a46,920146,54,PUBLIC
609,quinn_l41,688897,99,PRIVATE
610,grace_w21,323957,91,PRIVATE
611,uma_g52,254591,9,PRIVATE
612,ivy_s83,86920,2,PUBLIC
613,hank_z79,884112,42,PRIVATE
614,zack_f75,824930,10,PRIVATE
615,tina_t55,805602,22,PRIVATE
616,eve_j7,318279,2,PRIVATE
617,charlie_g52,204277,67,PUBLIC
618,rachel_t29,72348,10,PUBLIC
619,noah_i27,215615,46,PRIVATE
620,mia_x63,661874,72,PUBLIC
621,quinn_t74,728262,13,PRIVATE
622,victor_c6,904454,82,PUBLIC
623,bob_k25,922050,23,PUBLIC
624,yara_j46,728094,56,PRIVATE
625,sam_u54,281991,85,PUBLIC
626,noah_s2,947551,30,PRIVATE
627,hank_m9,14788,97,PUBLIC
628,mia_a22,260008,35,PUBLIC
629,eve_y85,821022,19,PUBLIC
630,diana_f81,766583,39,PRIVATE
631,wendy_m34,765982,58,PRIVATE
632,ivy_g83,917983,24,PUBLIC
633,uma_p4,469372,93,PRIVATE
634,alice_i48,17555,82,PRIVATE
635,jack_p59,349122,93,PRIVATE
636,leo_p42,177734,80,PRIVATE
637,yara_a2,270102,35,PUBLIC
638,charlie_z9,190522,64,PRIVATE
639,sam_e95,521350,41,PRIVATE
640,peter_o32,664072,65,PRIVATE
641,karen_s63,959935,31,PUBLIC
642,alice_f47,384676,99,PUBLIC
643,noah_r80,757768,39,PUBLIC
644,victor_y34,965377,24,PUBLIC
645,frank_g40,203078,86,PRIVATE
646,uma_p82,361524,18,PUBLIC
647,noah_v37,847203,72,PUBLIC
648,charlie_o78,426011,76,PUBLIC
649,yara_t61,921206,90,PRIVATE
650,olivia_t51,495812,78,PRIVATE
651,charlie_i50,60240,72,PRIVATE
652,diana_z34,201735,77,PUBLIC
653,charlie_d66,583378,16,PUBLIC
654,jack_g9,905115,84,PRIVATE
655,hank_a27,847276,55,PRIVATE
656,peter_o23,869619,82,PRIVATE
657,bob_a43,430807,81,PUBLIC
658,ivy_c1,181397,94,PRIVATE
659,grace_p57,707761,80,PRIVATE
660,zack_r69,221355,96,PUBLIC
661,bob_h68,82147,4,PUBLIC
662,diana_v10,32708,58,PRIVATE
663,quinn_q41,47726,67,PRIVATE
664,uma_j48,118672,93,PRIVATE
665,sam_a3,501583,22,PUBLIC
666,wendy_f95,839435,28,PRIVATE
667,eve_o69,963927,37,PUBLIC
668,peter_e51,44011,63,PUBLIC
669,grace_l45,359395,100,PUBLIC
670,alice_u9,577529,57,PUBLIC
671,grace_e86,995818,80,PUBLIC
672,hank_b32,412621,49,PUBLIC
673,uma_h8,829728,8,PUBLIC
674,uma_x44,762379,23,PUBLIC
675,charlie_o65,95417,37,PRIVATE
676,victor_t31,934653,5,PRIVATE
677,mia_g65,165842,76,PRIVATE
678,leo_f4,889694,67,PUBLIC
679,wendy_u7,490927,97,PRIVATE
680,hank_i64,658989,48,PUBLIC
681,noah_a13,641995,46,PUBLIC
682,ivy_t32,413117,37,PUBLIC
683,mia_w28,398820,3,PRIVATE
684,hank_u13,17199,87,PUBLIC
685,quinn_n67,878248,67,PRIVATE
686,peter_s2,979408,70,PUBLIC
687,jack_h23,226062,21,PUBLIC
688,olivia_w85,133598,59,PUBLIC
689,charlie_s58,363379,2,PRIVATE
690,quinn_b21,561389,50,PRIVATE
691,yara_j52,531411,13,PUBLIC
692,ivy_k55,329693,88,PRIVATE
693,xander_o88,322223,12,PRIVATE
694,zack_y7,763557,2,PRIVATE
695,quinn_w55,858258,51,PUBLIC
696,noah_g72,403888,21,PRIVATE
697,olivia_s48,988561,58,PRIVATE
698,sam_g85,807383,33,PRIVATE
699,grace_h98,823583,51,PRIVATE
700,hank_l82,780950,9,PUBLIC
701,wendy_u38,724636,90,PRIVATE
702,victor_z89,406318,26,PUBLIC
703,jack_q90,513071,31,PRIVATE
704,yara_f29,988455,18,PRIVATE
705,peter_j68,344496,81,PUBLIC
706,tina_b22,714915,30,PRIVATE
707,wendy_y61,817257,32,PUBLIC
708,xander_i64,863091,46,PRIVATE
709,ivy_g81,512905,43,PRIVATE
710,peter_y33,429951,28,PUBLIC
711,alice_u10,807900,24,PRIVATE
712,eve_v67,443983,84,PUBLIC
713,diana_r21,114681,78,PUBLIC
714,noah_b49,702151,91,PUBLIC
715,victor_q55,657614,33,PUBLIC
716,frank_y88,607763,65,PUBLIC
717,victor_b11,597345,1,PUBLIC
718,frank_o37,722080,51,PUBLIC
719,leo_p48,888447,49,PUBLIC
720,mia_w54,536396,80,PRIVATE
721,alice_a10,306774,49,PRIVATE
722,ivy_g93,29608,26,PUBLIC
723,olivia_c4,22353,20,PUBLIC
724,tina_h18,352956,60,PRIVATE
725,grace_j31,929933,5,PRIVATE
726,diana_u97,541107,85,PRIVATE
727,rachel_k25,825938,3,PRIVATE
728,frank_g93,363213,74,PRIVATE
729,jack_j29,953138,34,PUBLIC
730,wendy_m32,159602,33,PRIVATE
731,xander_r15,758510,41,PUBLIC
732,peter_u48,249798,54,PUBLIC
733,grace_c78,292171,50,PUBLIC
734,mia_t66,684511,46,PUBLIC
735,olivia_u59,721200,37,PUBLIC
736,grace_z91,631134,63,PUBLIC
737,sam_z44,12324,41,PRIVATE
738,xander_s92,840402,19,PRIVATE
739,wendy_g85,221325,86,PRIVATE
740,xander_t66,417172,51,PUBLIC
741,ivy_v1,44060,87,PUBLIC
742,hank_x18,431863,11,PRIVATE
743,sam_y97,335793,64,PRIVATE
744,jack_q78,601399,81,PRIVATE
745,zack_j28,992385,87,PUBLIC
746,hank_y33,197102,87,PRIVATE
747,hank_h81,515251,81,PRIVATE
748,uma_l93,732941,22,PRIVATE
749,ivy_r72,259603,32,PRIVATE
750,hank_e10,334265,71,PRIVATE
751,peter_g20,232241,34,PUBLIC
752,rachel_x89,992331,29,PRIVATE
753,tina_v46,568151,39,PRIVATE
754,bob_y4,596495,73,PRIVATE
755,ivy_i48,475069,83,PRIVATE
756,zack_c48,745487,63,PUBLIC
757,eve_e71,509212,41,PUBLIC
758,jack_u71,569395,93,PUBLIC
759,mia_o97,970586,52,PUBLIC
760,wendy_l79,934093,11,PUBLIC
761,charlie_l65,104004,16,PRIVATE
762,bob_g49,631376,53,PUBLIC
763,bob_q50,800180,35,PUBLIC
764,mia_u27,119007,100,PRIVATE
765,noah_z63,209939,15,PUBLIC
766,victor_m61,172460,52,PRIVATE
767,hank_c70,806098,39,PUBLIC
768,peter_z21,506457,86,PRIVATE
769,karen_o9,506689,100,PRIVATE
770,frank_n49,238348,87,PUBLIC
771,zack_f76,876663,14,PRIVATE
772,leo_n99,258150,71,PUBLIC
773,grace_e45,744266,14,PUBLIC
774,charlie_p33,551620,99,PRIVATE
775,noah_a9,706770,1,PRIVATE
776,grace_r88,869442,35,PRIVATE
777,peter_p84,328888,27,PRIVATE
778,xander_d16,75787,1,PRIVATE
779,hank_s66,644999,67,PUBLIC
780,karen_y29,804021,39,PUBLIC
781,mia_j71,115389,97,PRIVATE
782,yara_s99,168714,32,PRIVATE
783,alice_a37,26205,84,PRIVATE
784,charlie_p62,415501,35,PRIVATE
785,karen_w6,927130,43,PUBLIC
786,rachel_k27,816541,35,PUBLIC
787,tina_t98,124312,26,PUBLIC
788,peter_w55,171691,9,PRIVATE
789,frank_c9,718128,27,PRIVATE
790,mia_i36,390593,21,PRIVATE
791,bob_r67,417518,97,PUBLIC
792,mia_q42,150259,74,PRIVATE
793,peter_d24,68227,98,PUBLIC
794,alice_h87,977617,51,PUBLIC
795,sam_q89,588042,35,PRIVATE
796,hank_c59,746562,24,PRIVATE
797,victor_b38,777256,57,PUBLIC
798,alice_y95,239473,85,PUBLIC
799,leo_g79,693403,46,PUBLIC
800,wendy_s37,392038,82,PRIVATE
801,tina_h43,994020,19,PRIVATE
802,mia_i44,713758,96,PUBLIC
803,wendy_z83,334401,16,PRIVATE
804,tina_u32,537933,75,PUBLIC
805,uma_a11,664866,2,PUBLIC
806,tina_l74,224545,79,PUBLIC
807,ivy_z29,274762,16,PRIVATE
808,jack_x67,858987,79,PUBLIC
809,diana_o23,275206,57,PRIVATE
810,olivia_a67,720531,44,PRIVATE
811,victor_y3,979329,45,PUBLIC
812,wendy_z14,168087,39,PUBLIC
813,noah_f62,960313,20,PUBLIC
814,wendy_p61,767616,56,PRIVATE
815,hank_x1,640255,1,PRIVATE
816,noah_n62,309482,42,PUBLIC
817,charlie_w4,808098,97,PRIVATE
818,victor_q18,464337,81,PRIVATE
819,tina_y3,149341,88,PRIVATE
820,ivy_x30,883939,31,PRIVATE
821,olivia_k23,685555,61,PRIVATE
822,olivia_d82,839507,23,PRIVATE
823,bob_k23,516527,11,PUBLIC
824,hank_o40,496476,11,PRIVATE
825,grace_k14,168278,25,PRIVATE
826,zack_n47,174667,64,PRIVATE
827,wendy_f40,40484,90,PRIVATE
828,peter_w78,843153,1,PUBLIC
829,sam_l48,311705,2,PUBLIC
830,uma_t12,667299,82,PUBLIC
831,tina_v86,789502,74,PUBLIC
832,karen_z65,854483,42,PUBLIC
833,alice_a56,355806,51,PRIVATE
834,peter_d6,707678,47,PRIVATE
835,victor_b37,572108,19,PUBLIC
836,jack_h68,751488,58,PUBLIC
837,karen_m10,882864,27,PUBLIC
838,peter_l39,862217,62,PRIVATE
839,quinn_l41,44848,5,PUBLIC
840,rachel_p54,504700,52,PUBLIC
841,peter_c91,725973,18,PRIVATE
842,alice_o12,348463,78,PUBLIC
843,mia_d74,238227,3,PRIVATE
844,charlie_c58,837133,83,PUBLIC
845,zack_r20,362230,25,PRIVATE
846,diana_k1,272342,88,PUBLIC
847,alice_w4,400603,3,PRIVATE
848,charlie_u9,18507,50,PRIVATE
849,grace_n84,917205,99,PUBLIC
850,uma_a23,775539,46,PRIVATE
851,rachel_j24,642045,82,PRIVATE
852,alice_e54,355689,89,PUBLIC
853,leo_g41,806883,18,PUBLIC
854,jack_d10,174384,26,PRIVATE
855,diana_g78,968541,57,PRIVATE
856,jack_v76,326128,19,PRIVATE
857,zack_q52,311187,88,PUBLIC
858,mia_l6,362650,1,PUBLIC
859,xander_l4,448069,70,PUBLIC
860,karen_k99,786197,62,PUBLIC
861,karen_i83,276574,44,PRIVATE
862,olivia_o95,406225,82,PRIVATE
863,jack_y35,564846,100,PUBLIC
864,tina_z16,112829,13,PRIVATE
865,yara_w67,140133,37,PRIVATE
866,peter_v58,365352,89,PRIVATE
867,alice_c9,311597,6,PRIVATE
868,ivy_u48,396232,31,PRIVATE
869,xander_r72,127391,74,PUBLIC
870,mia_y85,5927,60,PRIVATE
871,noah_e13,274453,88,PRIVATE
872,victor_c50,159276,57,PUBLIC
873,quinn_w72,667673,19,PRIVATE
874,grace_v36,446560,11,PUBLIC
875,xander_a52,583905,58,PUBLIC
876,uma_i96,317506,29,PRIVATE
877,uma_i39,868657,65,PUBLIC
878,xander_q15,256925,77,PRIVATE
879,alice_u98,227998,14,PUBLIC
880,yara_x21,176125,18,PUBLIC
881,yara_b5,775666,81,PUBLIC
882,alice_y69,779547,26,PUBLIC
883,tina_o30,960155,45,PRIVATE
884,noah_x37,891497,57,PUBLIC
885,alice_c65,547411,70,PRIVATE
886,bob_n25,221427,9,PUBLIC
887,yara_m27,135848,44,PRIVATE
888,diana_z39,305946,20,PRIVATE
889,victor_n35,874666,97,PRIVATE
890,victor_y4,324326,31,PUBLIC
891,mia_t38,844575,25,PUBLIC
892,ivy_o23,711728,32,PUBLIC
893,alice_d17,404144,82,PRIVATE
894,grace_j97,692626,32,PRIVATE
895,karen_p77,883511,28,PUBLIC
896,bob_u89,837361,69,PUBLIC
897,zack_k47,324166,87,PRIVATE
898,hank_m14,653925,16,PRIVATE
899,mia_x8,823230,14,PUBLIC
900,xander_n12,139862,76,PRIVATE
901,hank_d7,250811,45,PRIVATE
902,tina_d89,125381,66,PRIVATE
903,grace_z92,98645,36,PUBLIC
904,xander_o15,598360,61,PUBLIC
905,victor_k65,473280,81,PUBLIC
906,olivia_g72,446722,83,PRIVATE
907,leo_p29,191198,78,PUBLIC
908,wendy_p77,432037,57,PRIVATE
909,hank_b42,763396,35,PUBLIC
910,alice_x95,219311,87,PRIVATE
911,victor_s45,681124,67,PUBLIC
912,karen_m55,723434,56,PRIVATE
913,olivia_q17,997096,2,PUBLIC
914,olivia_e47,193191,3,PRIVATE
915,peter_d14,316013,45,PRIVATE
916,victor_d95,95089,98,PUBLIC
917,frank_s56,957373,44,PUBLIC
918,xander_s50,846785,17,PUBLIC
919,grace_d25,357890,4,PRIVATE
920,peter_d2,922517,42,PRIVATE
921,wendy_x12,22062,97,PRIVATE
922,victor_q45,621450,100,PRIVATE
923,ivy_u69,929389,54,PRIVATE
924,xander_r6,710855,45,PUBLIC
925,sam_t45,448163,35,PUBLIC
926,karen_x28,563411,13,PUBLIC
927,diana_k57,850880,85,PUBLIC
928,jack_k35,603884,32,PUBLIC
929,diana_n25,450868,59,PRIVATE
930,jack_d58,724500,77,PRIVATE
931,rachel_k56,279464,39,PUBLIC
932,leo_y14,626033,75,PUBLIC
933,frank_t79,918690,97,PRIVATE
934,diana_h35,342299,65,PRIVATE
935,rachel_c65,857926,41,PRIVATE
936,frank_r48,954095,66,PRIVATE
937,victor_e3,870055,32,PUBLIC
938,olivia_h82,469116,56,PUBLIC
939,noah_k68,814903,27,PRIVATE
940,mia_l49,760321,30,PRIVATE
941,uma_r57,682197,30,PUBLIC
942,karen_s84,573191,23,PRIVATE
943,karen_p8,212683,69,PUBLIC
944,ivy_o92,226956,95,PUBLIC
945,hank_d76,269239,68,PUBLIC
946,xander_e21,165595,31,PRIVATE
947,mia_d82,608713,78,PRIVATE
948,karen_g19,618938,9,PUBLIC
949,uma_r36,153397,69,PUBLIC
950,eve_i75,256920,94,PRIVATE
951,diana_u82,727059,49,PRIVATE
952,diana_u63,316965,41,PRIVATE
953,olivia_g7,380728,93,PRIVATE
954,mia_h66,14201,67,PUBLIC
955,bob_h34,371795,64,PRIVATE
956,quinn_q83,898552,7,PUBLIC
957,wendy_b12,28385,13,PUBLIC
958,ivy_j2,521406,46,PRIVATE
959,charlie_a11,950120,79,PRIVATE
960,olivia_o64,301995,75,PRIVATE
961,noah_q59,890571,5,PRIVATE
962,uma_o41,361507,98,PUBLIC
963,jack_v25,172610,26,PRIVATE
964,quinn_c47,26929,9,PUBLIC
965,olivia_q99,300123,9,PRIVATE
966,rachel_v49,550565,2,PRIVATE
967,frank_t99,657318,92,PRIVATE
968,jack_a9,269698,11,PRIVATE
969,noah_s79,673299,82,PUBLIC
970,ivy_o55,697165,29,PRIVATE
971,quinn_i12,209695,61,PUBLIC
972,karen_y82,926750,45,PRIVATE
973,yara_m56,422835,83,PRIVATE
974,ivy_t50,853170,17,PUBLIC
975,zack_k10,430381,83,PUBLIC
976,grace_d8,804944,75,PUBLIC
977,quinn_o87,471957,82,PRIVATE
978,diana_s74,172023,83,PRIVATE
979,leo_j20,268908,41,PUBLIC
980,olivia_w54,501253,74,PUBLIC
981,leo_j29,642468,19,PUBLIC
982,xander_u14,340991,45,PRIVATE
983,grace_p85,692158,95,PRIVATE
984,diana_j88,63767,46,PUBLIC
985,victor_f50,133232,11,PUBLIC
986,leo_o29,677731,36,PRIVATE
987,sam_u24,552554,59,PUBLIC
988,ivy_w26,905010,20,PUBLIC
989,sam_b21,570215,3,PUBLIC
990,eve_y44,305369,77,PUBLIC
991,charlie_w33,31055,40,PRIVATE
992,zack_t15,644793,75,PUBLIC
993,uma_i56,497776,51,PRIVATE
994,peter_h78,707324,45,PUBLIC
995,alice_v5,61313,97,PUBLIC
996,diana_j24,332232,42,PUBLIC
997,rachel_d95,551853,7,PRIVATE
998,xander_b25,632518,11,PRIVATE
999,eve_k76,76474,51,PRIVATE
1000,xander_y11,458379,2,PUBLIC
1001,sam_l16,997131,36,PRIVATE
1002,noah_t9,701046,93,PRIVATE
1003,alice_y38,487872,4,PUBLIC
1004,sam_o60,369151,41,PUBLIC
1005,noah_t91,529577,65,PRIVATE
1006,peter_e53,310590,72,PUBLIC
1007,xander_b6,791799,6,PRIVATE
1008,hank_v63,789800,40,PUBLIC
1009,eve_u52,8236,85,PRIVATE
1010,charlie_i93,578562,3,PRIVATE
1011,tina_h70,400316,66,PUBLIC
1012,uma_i90,302153,46,PRIVATE
1013,olivia_m10,905617,81,PUBLIC
1014,uma_a5,376358,38,PRIVATE
1015,alice_t5,609681,67,PUBLIC
1016,karen_v22,438750,4,PRIVATE
1017,sam_a22,869214,68,PUBLIC
1018,victor_m17,389555,30,PRIVATE
1019,quinn_c54,142269,36,PUBLIC
1020,charlie_n32,599203,9,PUBLIC
1021,karen_l76,671610,98,PUBLIC
1022,leo_s31,233764,17,PUBLIC
1023,bob_h47,392644,59,PRIVATE
1024,diana_f92,86697,59,PRIVATE
1025,bob_k72,253589,74,PUBLIC
1026,karen_o64,869392,48,PUBLIC
1027,olivia_n65,286383,20,PUBLIC
1028,eve_h57,728188,62,PRIVATE
1029,olivia_j77,671174,45,PUBLIC
1030,charlie_s3,174211,75,PUBLIC
1031,bob_x86,583792,56,PUBLIC
1032,eve_s4,428906,49,PUBLIC
1033,eve_h43,837566,74,PUBLIC
1034,xander_u23,824744,14,PRIVATE
1035,noah_y76,435027,19,PUBLIC
1036,victor_g48,800378,84,PUBLIC
1037,eve_e44,533490,88,PUBLIC
1038,frank_y2,324182,74,PRIVATE
1039,yara_m29,437961,34,PUBLIC
1040,eve_f56,921423,77,PRIVATE
1041,diana_z24,197734,18,PRIVATE
1042,noah_n85,567164,31,PUBLIC
1043,zack_k75,743345,33,PUBLIC
1044,frank_a53,597340,67,PUBLIC
1045,wendy_e33,522424,19,PUBLIC
1046,quinn_h33,590978,5,PUBLIC
1047,eve_a28,945180,27,PRIVATE
1048,olivia_h7,384929,76,PRIVATE
1049,olivia_f28,444239,63,PRIVATE
1050,hank_g28,335610,1,PRIVATE
1051,hank_c70,173934,15,PRIVATE
1052,olivia_z51,319659,91,PRIVATE
1053,ivy_a60,902518,42,PRIVATE
1054,frank_w58,319804,63,PUBLIC
1055,karen_v51,443904,41,PUBLIC
1056,olivia_q32,675643,35,PUBLIC
1057,grace_e61,785510,96,PUBLIC
1058,wendy_d69,736251,77,PRIVATE
1059,rachel_v75,31351,89,PRIVATE
1060,charlie_k62,589324,93,PRIVATE
1061,noah_y52,955281,43,PRIVATE
1062,wendy_x27,540937,46,PUBLIC
1063,sam_n89,854492,18,PRIVATE
1064,frank_u8,816409,72,PRIVATE
1065,wendy_a93,235572,23,PRIVATE
1066,jack_c86,66370,22,PRIVATE
1067,hank_y65,857092,30,PRIVATE
1068,leo_o62,555698,39,PRIVATE
1069,uma_g10,550983,67,PUBLIC
1070,ivy_l23,913054,30,PRIVATE
1071,wendy_z66,402754,41,PUBLIC
1072,eve_x26,665433,82,PUBLIC
1073,diana_z21,208211,22,PRIVATE
1074,noah_w4,415398,11,PRIVATE
1075,mia_g86,812447,27,PUBLIC
1076,olivia_c30,285861,51,PUBLIC
1077,grace_g39,829779,56,PRIVATE
1078,leo_o38,923924,3,PRIVATE
1079,alice_q73,5028,28,PRIVATE
1080,wendy_o5,386545,69,PUBLIC
1081,wendy_t46,9960,45,PUBLIC
1082,leo_d69,170205,80,PRIVATE
1083,jack_v82,159840,71,PUBLIC
1084,sam_g68,893552,99,PUBLIC
1085,eve_o89,881539,19,PUBLIC
1086,sam_u92,697053,95,PUBLIC
1087,xander_e19,479948,11,PUBLIC
1088,sam_e63,72637,18,PRIVATE
1089,frank_r76,539704,9,PRIVATE
1090,hank_g52,540550,55,PUBLIC
1091,olivia_d8,353416,64,PRIVATE
1092,ivy_g90,409303,47,PUBLIC
1093,jack_z74,764427,80,PUBLIC
1094,sam_z50,314505,70,PRIVATE
1095,leo_w12,400710,18,PUBLIC
1096,mia_e60,818036,87,PRIVATE
1097,xander_i49,206536,74,PRIVATE
1098,olivia_k38,252277,33,PUBLIC
1099,frank_c38,559795,12,PRIVATE
1100,sam_i6,257805,40,PUBLIC

